{
    "os": "Linux-5.11.0-27-generic-x86_64-with-debian-bullseye-sid",
    "python": "3.7.11",
    "heartbeatAt": "2021-09-09T16:22:03.531429",
    "startedAt": "2021-09-09T16:21:57.796807",
    "docker": null,
    "gpu": "NVIDIA GeForce RTX 3060",
    "gpu_count": 1,
    "cpu_count": 6,
    "cuda": null,
    "args": [
        "-f",
        "/home/indika/.local/share/jupyter/runtime/kernel-42af5d88-b168-4325-b0a3-d5f0c73b8806.json"
    ],
    "state": "running",
    "program": "00.ipynb",
    "root": "/home/indika/Programming/Projects/Python/Artifical-Intelligence/PyTorch/NLP/COVID19-Fake-News-Dataset-NLP",
    "host": "programmer-rd-ai",
    "username": "indika",
    "executable": "/home/indika/anaconda3/bin/python"
}
